tweet_text,time,wait_time
kingston terminal wait time - one hour,2018-02-12 00:55 +0000,1.0
update - no extended wait departing kingston,2018-02-12 03:10 +0000,0.0
kingston terminal - 1 hour wait -  no wsp boarding pass required,2018-02-17 20:00 +0000,1.0
update - no extended wait departing kingston,2018-02-17 23:35 +0000,0.0
kingston terminal - 1 hour wait -  no wsp boarding pass required,2018-02-19 23:55 +0000,1.0
update - no extended wait departing kingston,2018-02-20 02:20 +0000,0.0
kingston terminal - 1 hour wait -  no wsp boarding pass required,2018-02-25 19:50 +0000,1.0
update - no extended wait departing kingston,2018-02-26 05:00 +0000,0.0
update -kingston terminal status-no wait at kingston,2019-02-19 02:20 +0000,0.0
kingston terminal status - 1 hour wait. no wsp boarding pass,2019-02-24 22:40 +0000,1.0
kingston terminal - 1 hour wait -  no wsp boarding pass required,2018-03-03 19:30 +0000,1.0
update - no extended wait departing kingston,2018-03-04 00:05 +0000,0.0
kingston terminal - 1 hour wait -  no wsp boarding pass required,2018-03-05 00:15 +0000,1.0
update - no extended wait departing kingston,2018-03-05 03:20 +0000,0.0
kingston terminal - 1 hour wait -  no wsp boarding pass required,2018-03-11 21:50 +0000,1.0
kingston terminal - 2 hour wait -  no wsp boarding pass required,2018-03-12 00:00 +0000,2.0
update - no extended wait departing kingston,2018-03-12 04:20 +0000,0.0
kingston terminal - 1 hour wait -  no wsp boarding pass required,2018-03-18 20:30 +0000,1.0
update - kingston terminal - 1 hour wait -  no wsp boarding pass,2018-03-19 01:10 +0000,1.0
update - no extended wait departing kingston,2018-03-19 03:00 +0000,0.0
update - kingston terminal - 1 hour wait -  no wsp boarding pass,2018-03-24 17:25 +0000,1.0
update - no extended wait departing kingston,2018-03-24 20:00 +0000,0.0
update - kingston terminal - 1 hour wait -  no wsp boarding pass,2018-03-25 18:15 +0000,1.0
update - kingston terminal - 2 hour wait -  no wsp boarding pass,2018-03-25 22:40 +0000,2.0
update - no extended wait departing kingston,2018-03-26 03:30 +0000,0.0
update - kingston terminal - 1 hour wait -  no wsp boarding pass,2018-03-31 17:20 +0000,1.0
update - no extended wait departing kingston,2018-03-31 19:40 +0000,0.0
kingston terminal status - 1 hour wait. no wsp boarding pass,2019-03-02 22:15 +0000,1.0
no extended wait departing kingston,2019-03-03 00:40 +0000,0.0
kingston terminal status - 1 hour wait. no wsp boarding pass,2019-03-03 21:30 +0000,1.0
no extended wait departing kingston,2019-03-04 04:30 +0000,0.0
kingston terminal status - 1 hour wait. no wsp boarding pass,2019-03-05 18:00 +0000,1.0
no extended wait departing kingston,2019-03-05 20:30 +0000,0.0
"kingston terminal status - 1 hour wait, no wsp boarding pass",2019-03-09 00:05 +0000,1.0
no extended wait departing kingston,2019-03-09 05:05 +0000,0.0
kingston terminal status - 1 hour wait. no wsp boarding pass,2019-03-09 18:45 +0000,1.0
kingston terminal status - 1 hour wait. no wsp boarding pass,2019-03-10 19:15 +0000,1.0
update -kingston terminal status - 2 hour wait. no wsp boarding pass,2019-03-10 23:35 +0000,2.0
update -kingston terminal status - 1 hour wait. no wsp boarding pass,2019-03-11 02:45 +0000,1.0
kingston terminal status - 1 hour wait. no wsp boarding pass,2019-03-16 20:05 +0000,1.0
"kingston terminal status - 1 hour wait, no wsp boarding pass",2019-03-17 20:30 +0000,1.0
update - kingston terminal - 2 hour wait - wsp boarding pass required,2019-03-17 23:15 +0000,2.0
kingston terminal status - 1 hour wait. no wsp boarding pass,2019-03-18 01:05 +0000,1.0
no extended wait departing kingston,2019-03-18 04:35 +0000,0.0
kingston terminal status - 2 hour wait. no wsp boarding pass.,2019-03-22 22:55 +0000,2.0
kingston terminal status - 1 hour wait. no wsp boarding pass.,2019-03-23 02:20 +0000,1.0
kingston terminal status - 1 hour wait. no wsp boarding pass.,2019-03-23 17:05 +0000,1.0
no extended wait departing kingston,2019-03-24 04:50 +0000,0.0
kingston terminal status - 1 hour wait. no wsp boarding pass.,2019-03-24 16:50 +0000,1.0
update - kingston terminal - 2 hour wait - wsp boarding pass required,2019-03-24 22:20 +0000,2.0
update -kingston terminal status - 1 hour wait. no wsp boarding pass.,2019-03-25 01:30 +0000,1.0
no extended wait departing kingston,2019-03-25 04:00 +0000,0.0
kingston terminal status - 1 hour wait. no wsp boarding pass.,2019-03-29 21:50 +0000,1.0
no extended wait departing kingston,2019-03-30 03:10 +0000,0.0
kingston terminal status - 1 hour wait. no wsp boarding pass.,2019-03-30 17:40 +0000,1.0
"kingston terminal status - 1 hour wait, no wsp boarding pass",2019-03-31 18:15 +0000,1.0
"kingston terminal status - 1 hour wait, no wsp boarding pass",2019-03-31 18:50 +0000,1.0
update - kingston terminal - 2 hour wait. wsp boarding pass required,2019-03-31 19:15 +0000,2.0
kingston terminal wait time - one hour - no wsp boarding pass,2018-07-01 18:35 +0000,1.0
kingston terminal wait 2 hours - wsp boarding passes required,2018-07-01 20:15 +0000,2.0
no extended wait departing kingston,2018-07-02 04:40 +0000,0.0
kingston terminal wait time - 2 hours no wsp boarding pass,2018-07-04 19:20 +0000,2.0
"kingston terminal wait time - 1 hour, no wsp boarding pass",2018-07-04 20:30 +0000,1.0
no extended wait departing kingston,2018-07-04 22:15 +0000,0.0
kingston terminal wait time - one hour/ no wsp boarding pass,2018-07-05 17:55 +0000,1.0
kingston terminal wait time - 90 min. no wsp boarding pass,2018-07-05 18:55 +0000,1.5
kingston terminal wait time - 90 minutes,2018-07-05 19:50 +0000,1.5
kingston terminal wait time - two hours,2018-07-05 20:05 +0000,2.0
kingston terminal wait time - one hour,2018-07-06 01:10 +0000,1.0
no extended wait departing kingston,2018-07-06 02:55 +0000,0.0
kingston terminal wait time - one hour - no wsp boarding pass,2018-07-06 20:35 +0000,1.0
no extended wait departing kingston,2018-07-07 01:25 +0000,0.0
kingston terminal wait time - one hour - no wsp boarding pass,2018-07-07 17:25 +0000,1.0
no extended wait departing kingston,2018-07-08 04:30 +0000,0.0
kingston terminal wait time - one hour - no wsp boarding pass,2018-07-08 17:30 +0000,1.0
kingston terminal wait 2 hours - wsp boarding passes required,2018-07-08 18:30 +0000,2.0
update: kingston terminal wait 2 hours - wsp boarding passes required,2018-07-08 18:35 +0000,2.0
kingston terminal wait time - one hour - no wsp boarding pass,2018-07-09 04:20 +0000,1.0
kingston terminal wait time - one hour - no wsp boarding pass,2018-07-10 17:45 +0000,1.0
ed/king - kingston terminal - no extended wait,2018-07-10 20:25 +0000,0.0
"kingston terminal wait time - one hour, no wsp boarding pass",2018-07-12 21:30 +0000,1.0
no extended wait departing kingston,2018-07-12 22:50 +0000,0.0
"kingston terminal wait time - one hour, no wsp boarding pass",2018-07-13 20:55 +0000,1.0
no extended wait departing kingston,2018-07-14 01:15 +0000,0.0
"kingston terminal wait time - one hour, no wsp boarding pass",2018-07-14 16:30 +0000,1.0
update: kingston terminal wait 1 hour - wsp boarding passes required,2018-07-14 20:40 +0000,1.0
kingston terminal wait 2 hours - wsp boarding passes required,2018-07-14 22:15 +0000,2.0
kingston terminal wait 3 hours - wsp boarding passes required,2018-07-14 23:00 +0000,3.0
edm/king- update- kingston terminal wait time - two hours - no wsp boarding pass,2018-07-15 00:55 +0000,2.0
no extended wait departing kingston,2018-07-15 03:40 +0000,0.0
kingston terminal wait time - one hour - no wsp boarding pass,2018-07-15 04:55 +0000,1.0
kingston terminal wait 2 hours - wsp boarding passes required,2018-07-15 19:30 +0000,2.0
update -kingston terminal wait 3 hours - wsp boarding passes required,2018-07-15 21:40 +0000,3.0
update -kingston terminal wait 2 hours - wsp boarding passes required,2018-07-16 01:45 +0000,2.0
update: kingston terminal wait time - one hour - no wsp boarding pass,2018-07-16 04:20 +0000,1.0
no extended wait departing kingston,2018-07-16 05:25 +0000,0.0
"kingston terminal wait time - one hour, no wsp boarding pass",2018-07-16 16:05 +0000,1.0
no extended wait departing edmonds or kingston,2018-07-17 02:40 +0000,0.0
"kingston terminal status - 2 hour wait, no wsp boarding pass",2018-07-20 23:30 +0000,2.0
no extended wait departing kingston,2018-07-21 03:20 +0000,0.0
"kingston terminal status - 1 hour wait, no wsp boarding pass",2018-07-21 16:30 +0000,1.0
update -kingston terminal wait 2 hours - wsp boarding passes required,2018-07-21 19:20 +0000,2.0
update: kingston terminal wait time - one hour - no wsp boarding pass,2018-07-21 21:10 +0000,1.0
update: kingston terminal wait time - two hour - no wsp boarding pass,2018-07-22 01:30 +0000,2.0
"kingston terminal status - 1 hour wait, no wsp boarding pass",2018-07-22 17:00 +0000,1.0
update -kingston terminal wait 2 hours - wsp boarding passes required,2018-07-22 20:00 +0000,2.0
update: kingston terminal wait time - one hour - no wsp boarding pass,2018-07-23 05:05 +0000,1.0
"kingston terminal status - 1 hour wait, no wsp boarding pass",2018-07-23 19:30 +0000,1.0
"kingston terminal status - 1 hour wait, no wsp boarding pass",2018-07-26 20:20 +0000,1.0
kingston terminal wait time - one hour - no wsp boarding pass,2018-07-27 21:25 +0000,1.0
no extended wait departing kingston,2018-07-28 03:25 +0000,0.0
"kingston terminal status - 1 hour wait, no wsp boarding pass",2018-07-28 18:50 +0000,1.0
"update - kingston terminal status - 2 hour wait, no wsp boarding pass",2018-07-29 00:35 +0000,2.0
"update - kingston terminal status - 1 hour wait, no wsp boarding pass",2018-07-29 02:30 +0000,1.0
kingston terminal wait time - one hour - no wsp boarding pass,2018-07-29 16:35 +0000,1.0
update -kingston terminal wait 2 hours - wsp boarding passes required,2018-07-29 17:50 +0000,2.0
update -kingston terminal wait 1 hour -,2018-07-30 03:00 +0000,1.0
update -kingston terminal wait 3 hour -,2018-07-30 04:25 +0000,3.0
no extended wait departing kingston,2018-07-30 05:30 +0000,0.0
"kingston terminal status - 1 hour wait, no wsp boarding pass",2018-07-30 20:20 +0000,1.0
no extended wait departing kingston,2018-07-31 04:10 +0000,0.0
kingston terminal status - 1 hour wait,2019-07-01 19:20 +0000,1.0
no extended wait departing kingston,2019-07-02 01:45 +0000,0.0
kingston terminal status - 1 hour wait,2019-07-05 19:45 +0000,1.0
kingston terminal status - 2 hour wait,2019-07-05 21:30 +0000,2.0
no extended wait for drivers departing kingston,2019-07-06 02:30 +0000,0.0
kingston terminal status - 1 hour wait,2019-07-06 18:50 +0000,1.0
update - kingston terminal -  2 hour wait. wsp boarding pass required,2019-07-06 23:00 +0000,2.0
update - kingston terminal -  3 hour wait. wsp boarding pass required,2019-07-07 00:50 +0000,3.0
no extended wait departing kingston,2019-07-07 04:20 +0000,0.0
kingston terminal status - 1 hour wait,2019-07-07 18:50 +0000,1.0
update - kingston terminal -  1 hour wait. wsp boarding pass required,2019-07-07 19:25 +0000,1.0
update - kingston terminal -  2 hour wait. wsp boarding pass required,2019-07-07 21:35 +0000,2.0
no extended wait departing kingston,2019-07-08 03:05 +0000,0.0
kingston terminal status - 1 hour wait,2019-07-08 16:35 +0000,1.0
no extended wait departing kingston,2019-07-09 01:20 +0000,0.0
kingston terminal status - 1 hour wait,2019-07-14 00:15 +0000,1.0
no extended wait departing kingston,2019-07-14 03:50 +0000,0.0
kingston terminal -  1 hour wait. wsp boarding pass required,2019-07-14 19:35 +0000,1.0
update: kingston terminal -  2 hour wait. wsp boarding pass required,2019-07-14 20:30 +0000,2.0
no extended wait departing kingston,2019-07-15 04:25 +0000,0.0
kingston terminal status - 1 hour wait,2019-07-15 18:15 +0000,1.0
no extended wait departing kingston,2019-07-16 01:35 +0000,0.0
kingston terminal status - 1 hour wait,2019-07-19 22:00 +0000,1.0
update: kingston terminal -  2 hour wait. wsp boarding pass required,2019-07-19 23:10 +0000,2.0
update: kingston terminal -  1 hour wait. wsp boarding pass required,2019-07-20 01:10 +0000,1.0
no extended wait departing kingston,2019-07-20 03:30 +0000,0.0
no extended wait departing edmonds and kingston,2019-07-20 03:35 +0000,0.0
kingston terminal -  2 hour wait. wsp boarding pass required,2019-07-20 18:05 +0000,2.0
no extended wait departing kingston,2019-07-20 21:30 +0000,0.0
kingston terminal status - 2 hour wait,2019-07-21 03:20 +0000,2.0
kingston terminal status - 1 hour wait,2019-07-21 16:50 +0000,1.0
kingston terminal - one hour wait. wsp boarding pass required,2019-07-21 17:20 +0000,1.0
kingston terminal - two hour wait. wsp boarding pass required,2019-07-21 18:15 +0000,2.0
no extended wait departing kingston,2019-07-22 03:00 +0000,0.0
kingston terminal status - 1 hour wait,2019-07-22 18:20 +0000,1.0
no extended wait departing kingston,2019-07-23 04:05 +0000,0.0
kingston terminal status - 1 hour wait,2019-07-26 19:50 +0000,1.0
kingston terminal status - 1 hour wait,2019-07-27 17:35 +0000,1.0
no extended wait departing kingston,2019-07-28 03:50 +0000,0.0
kingston terminal status - 1 hour wait,2019-07-28 17:05 +0000,1.0
kingston terminal -  1 hour wait. wsp boarding pass required,2019-07-28 18:25 +0000,1.0
kingston terminal -  2 hour wait. wsp boarding pass required,2019-07-28 19:50 +0000,2.0
update - kingston terminal -  1 hour wait. wsp boarding pass required,2019-07-29 00:55 +0000,1.0
update - kingston terminal -  2 hour wait. wsp boarding pass required,2019-07-29 03:20 +0000,2.0
kingston terminal status - 1 hour wait,2019-07-29 19:25 +0000,1.0
no extended wait departing kingston,2019-07-30 02:50 +0000,0.0
kingston terminal - one hour wait - no wsp boarding pass required,2017-11-05 20:55 +0000,1.0
update - no extended wait departing kingston,2017-11-06 03:00 +0000,0.0
kingston terminal - one hour wait - no wsp boarding pass required,2017-11-11 18:40 +0000,1.0
update - no extended wait departing kingston,2017-11-11 23:20 +0000,0.0
kingston terminal - one hour wait - no wsp boarding pass required,2017-11-12 21:05 +0000,1.0
kingston terminal - two hour wait - no wsp boarding pass required,2017-11-12 23:25 +0000,2.0
update - no extended wait departing kingston,2017-11-13 03:05 +0000,0.0
kingston wait time - one hour,2017-11-17 23:45 +0000,1.0
update - no extended wait departing kingston,2017-11-18 02:40 +0000,0.0
kingston wait time - one hour,2017-11-18 18:35 +0000,1.0
update - no extended wait departing kingston,2017-11-18 20:10 +0000,0.0
kingston wait time - one hour,2017-11-19 19:45 +0000,1.0
update - no extended wait departing kingston,2017-11-20 02:25 +0000,0.0
kingston wait time - one hour,2017-11-23 17:30 +0000,1.0
kingston wait time - two hour,2017-11-23 18:35 +0000,2.0
kingston wait time - two hours w/ wsp boarding pass required,2017-11-23 18:40 +0000,2.0
kingston wait time - one hour  no wsp boarding pass required,2017-11-23 22:05 +0000,1.0
kingston wait time - one hour -  no wsp boarding pass required,2017-11-23 22:20 +0000,1.0
update - no extended wait departing kingston,2017-11-23 23:05 +0000,0.0
kingston wait time - one hour -  no wsp boarding pass required,2017-11-24 20:00 +0000,1.0
update - no extended wait departing kingston,2017-11-25 03:20 +0000,0.0
kingston wait time - one hour -  no wsp boarding pass required,2017-11-25 17:45 +0000,1.0
update - no extended wait departing kingston,2017-11-26 03:20 +0000,0.0
kingston wait time - one hour -  no wsp boarding pass required,2017-11-26 21:15 +0000,1.0
update - no extended wait departing kingston,2017-11-27 01:25 +0000,0.0
kingston terminal - 1 hour wait -  no wsp boarding pass,2018-06-02 16:55 +0000,1.0
no extended wait departing kingston,2018-06-03 02:40 +0000,0.0
kingston terminal - 1 hour wait -  no wsp boarding pass,2018-06-03 17:50 +0000,1.0
no extended wait departing kingston,2018-06-04 02:35 +0000,0.0
kingston terminal - 1 hour wait -  no wsp boarding pass,2018-06-09 16:55 +0000,1.0
no extended wait departing kingston,2018-06-09 20:50 +0000,0.0
kingston terminal wait time - two hours,2018-06-10 20:00 +0000,2.0
kingston terminal wait 2 hours - wsp boarding passes required,2018-06-10 20:20 +0000,2.0
kingston terminal wait time - one hour,2018-06-11 02:10 +0000,1.0
no extended wait departing kingston,2018-06-11 04:00 +0000,0.0
kingston terminal wait time - one hour - no wsp boarding pass,2018-06-15 21:25 +0000,1.0
no extended wait departing kingston,2018-06-16 02:50 +0000,0.0
kingston terminal wait time - one hour - no wsp boarding pass,2018-06-16 17:10 +0000,1.0
kingston terminal wait time - one hour - no wsp boarding pass,2018-06-17 17:45 +0000,1.0
kingston terminal wait 2 hours - wsp boarding passes required,2018-06-17 18:05 +0000,2.0
kingston terminal wait time - two hours - no wsp boarding pass,2018-06-18 03:35 +0000,2.0
kingston terminal wait time - one hour - no wsp boarding pass,2018-06-18 20:20 +0000,1.0
kingston terminal wait time - one hour - no wsp boarding pass,2018-06-22 22:15 +0000,1.0
kingston terminal wait time - one hour - no wsp boarding pass,2018-06-23 21:25 +0000,1.0
kingston terminal wait time - one hour - no wsp boarding pass,2018-06-24 16:55 +0000,1.0
kingston terminal wait 2 hours - wsp boarding passes required,2018-06-24 19:10 +0000,2.0
no extended wait departing kingston,2018-06-25 04:30 +0000,0.0
kingston terminal wait time - one hour/no wsp boarding pass,2018-06-25 18:30 +0000,1.0
ed/king - kingston terminal one hour wait - no wsp boarding pass,2018-06-27 17:40 +0000,1.0
no extended wait departing kingston,2018-06-27 21:10 +0000,0.0
kingston terminal wait time - one hour - no wsp boarding pass,2018-06-29 23:10 +0000,1.0
kingston terminal status - 1 hour wait,2019-06-02 19:35 +0000,1.0
update - kingston terminal -  2 hour wait. wsp boarding pass required,2019-06-02 21:20 +0000,2.0
no extended wait departing kingston,2019-06-03 03:50 +0000,0.0
update - one hour wait departing edmonds and kingston terminals,2019-06-07 22:20 +0000,1.0
"update - 2 hour wait departing edmonds, 1 hour departing kingston",2019-06-07 22:40 +0000,1.0
no extended wait departing kingston,2019-06-08 00:25 +0000,0.0
kingston terminal status - 1 hour wait,2019-06-09 17:25 +0000,1.0
update - kingston terminal -  2 hour wait. wsp boarding pass required,2019-06-09 19:50 +0000,2.0
no extended wait departing kingston,2019-06-10 03:05 +0000,0.0
kingston terminal status - 1 hour wait,2019-06-14 00:00 +0000,1.0
no extended wait departing kingston,2019-06-14 02:00 +0000,0.0
kingston terminal status - 1 hour wait,2019-06-14 21:35 +0000,1.0
no extended wait departing kingston,2019-06-15 03:05 +0000,0.0
kingston terminal status - 1 hour wait,2019-06-15 17:25 +0000,1.0
no extended wait departing edmonds or kingston,2019-06-16 04:25 +0000,0.0
kingston terminal status - 1 hour wait,2019-06-16 16:40 +0000,1.0
update - kingston terminal -  2 hour wait. wsp boarding pass required,2019-06-16 19:30 +0000,2.0
kingston terminal status - 1 hour wait,2019-06-20 22:40 +0000,1.0
no extended wait departing kingston,2019-06-21 01:40 +0000,0.0
kingston terminal status - 1 hour wait,2019-06-21 21:30 +0000,1.0
no extended wait departing kingston,2019-06-22 02:30 +0000,0.0
kingston terminal status - 1 hour wait,2019-06-22 19:55 +0000,1.0
no extended wait departing kingston,2019-06-23 04:20 +0000,0.0
kingston terminal status - 1 hour wait,2019-06-23 17:35 +0000,1.0
update - kingston terminal -  2 hour wait. wsp boarding pass required,2019-06-23 19:10 +0000,2.0
no extended wait departing kingston,2019-06-24 04:25 +0000,0.0
kingston terminal status - 1 hour wait,2019-06-24 16:40 +0000,1.0
no extended wait departing kingston,2019-06-24 21:30 +0000,0.0
kingston terminal wait time - one hour. no wsp boarding pass,2016-12-17 20:10 +0000,1.0
update - no extended wait departing kingston,2016-12-17 22:00 +0000,0.0
kingston terminal wait time - one hour. no wsp boarding pass,2016-12-18 23:25 +0000,1.0
update - no extended wait departing kingston,2016-12-19 01:55 +0000,0.0
kingston terminal wait time - one hour. no wsp boarding pass,2016-12-23 23:20 +0000,1.0
kingston terminal - no extended wait,2016-12-24 00:00 +0000,0.0
kingston terminal wait time - 1 hour. no wsp boarding pass,2016-12-24 18:45 +0000,1.0
update - kingston terminal wait time - 2 hours. no wsp boarding pass,2016-12-24 20:15 +0000,2.0
update - kingston terminal - one hour wait  no wsp boarding pass,2016-12-25 00:05 +0000,1.0
kingston terminal - no extended wait,2016-12-25 00:55 +0000,0.0
edm/ki-kingston terminal wait time: 1 hour no wsp tallies,2016-12-25 18:40 +0000,1.0
update - no extended wait departing kingston,2016-12-26 00:40 +0000,0.0
kingston wait time - one hour,2016-12-26 18:35 +0000,1.0
update kingston wait time - two hours,2016-12-26 20:30 +0000,2.0
update - kingston wait time - two hours,2016-12-26 21:10 +0000,2.0
edm/ki-update-kingston terminal wait time: two hours with wsp boarding passes,2016-12-26 21:35 +0000,2.0
update - kingston terminal wait - 2 hours wsp boarding pass required,2016-12-26 22:15 +0000,2.0
update - kingston wait 2 hours - wsp boarding pass required,2016-12-26 23:40 +0000,2.0
update - no extended wait departing kingston,2016-12-27 01:05 +0000,0.0
kingston wait time - one hour,2016-12-27 19:35 +0000,1.0
update - no extended wait departing kingston,2016-12-28 01:25 +0000,0.0
kingston terminal wait time - one hour. no wsp boarding pass,2016-12-28 19:35 +0000,1.0
update - no extended wait departing kingston,2016-12-28 22:55 +0000,0.0
kingston wait time - one hour -  no wsp boarding pass required,2017-12-02 23:25 +0000,1.0
update - no extended wait departing kingston,2017-12-03 03:05 +0000,0.0
kingston wait time - one hour -  no wsp boarding pass required,2017-12-09 18:35 +0000,1.0
update - no extended wait departing kingston,2017-12-09 23:35 +0000,0.0
kingston wait time - one hour -  no wsp boarding pass required,2017-12-11 01:10 +0000,1.0
update - no extended wait departing kingston,2017-12-11 03:55 +0000,0.0
kingston terminal - 1 hour wait -  no wsp boarding passes required,2017-12-17 23:25 +0000,1.0
update - no extended wait departing kingston,2017-12-18 01:50 +0000,0.0
kingston terminal - 1 hour wait -  no wsp boarding passes required,2017-12-19 00:25 +0000,1.0
update - no extended wait departing kingston,2017-12-19 01:35 +0000,0.0
kingston terminal - 1 hour wait -  no wsp boarding passes required,2017-12-19 20:00 +0000,1.0
update - no extended wait departing kingston,2017-12-19 21:55 +0000,0.0
ed/ki - kingston terminal - one hour wait,2017-12-21 16:20 +0000,1.0
ed/ki - kingston terminal - two hour wait,2017-12-21 16:55 +0000,2.0
ed/ki - kingston terminal - one hour wait - update,2017-12-21 18:25 +0000,1.0
ed/ki - kingston terminal - no extended wait,2017-12-21 20:00 +0000,0.0
kingston terminal - 1 hour wait -  no wsp boarding passes required,2017-12-22 22:00 +0000,1.0
kingston terminal - 1 hour wait -  no wsp boarding pass required,2017-12-22 22:05 +0000,1.0
update - no extended wait departing kingston,2017-12-23 02:00 +0000,0.0
kingston terminal - 1 hour wait -  no wsp boarding pass required,2017-12-23 18:55 +0000,1.0
kingston terminal - 2 hour wait -  no wsp boarding pass required,2017-12-23 21:30 +0000,2.0
update - no extended wait departing kingston,2017-12-24 03:00 +0000,0.0
kingston terminal - 1 hour wait -  no wsp boarding pass required,2017-12-24 18:45 +0000,1.0
update - no extended wait departing kingston,2017-12-25 00:30 +0000,0.0
kingston terminal - 1 hour wait -  no wsp boarding pass required,2017-12-25 20:55 +0000,1.0
update - no extended wait in kingston,2017-12-26 01:55 +0000,0.0
kingston terminal - 1 hour wait -  no wsp boarding pass required,2017-12-26 19:20 +0000,1.0
update - kingston terminal wait time - one hour,2017-12-27 02:00 +0000,1.0
update - no extended wait departing kingston,2017-12-27 03:05 +0000,0.0
kingston terminal - one hour wait,2017-12-27 18:40 +0000,1.0
kingston terminal wait time - one hour,2017-12-27 21:05 +0000,1.0
update - kingston terminal wait time - one hour,2017-12-27 23:20 +0000,1.0
update - kingston terminal wait time - two hours,2017-12-28 00:20 +0000,2.0
update - no extended wait departing kingston,2017-12-28 03:25 +0000,0.0
kingston terminal - one hour wait,2017-12-28 20:00 +0000,1.0
kingston terminal wait time - one hour,2017-12-28 23:50 +0000,1.0
update - no extended wait departing kingston,2017-12-29 04:20 +0000,0.0
kingston terminal wait time - one hour,2017-12-29 21:36 +0000,1.0
kingston terminal wait time - one hour,2017-12-29 21:45 +0000,1.0
update - no extended wait departing kingston,2017-12-30 03:00 +0000,0.0
kingston terminal wait time - one hour,2017-12-30 19:45 +0000,1.0
update - no extended wait departing kingston,2017-12-31 04:10 +0000,0.0
"ed/ki-kingston terminal wait time -1 hour, no wsp pass required",2017-04-02 18:25 +0000,1.0
"ed/ki-update: kingston terminal wait time -2 hours, no wsp pass required",2017-04-02 20:15 +0000,2.0
ed/ki-update- kingston terminal wait time: 2 hrs. with wsp boarding passes,2017-04-02 21:55 +0000,2.0
"ed/ki-update: kingston terminal wait time -1 hour, no wsp pass required",2017-04-02 23:55 +0000,1.0
update - no extended wait departing kingston,2017-04-03 02:50 +0000,0.0
"kingston terminal wait time - 1 hour, no wsp pass required",2017-04-09 17:45 +0000,1.0
"update --  kingston terminal wait time - 2 hours, no wsp pass required",2017-04-09 23:55 +0000,2.0
"update --  kingston terminal wait time - 1 hour, no wsp pass required",2017-04-10 00:50 +0000,1.0
update -- no extended wait in kingston,2017-04-10 01:40 +0000,0.0
"ed/ki-kingston terminal wait time - 1 hour, no wsp pass required",2017-04-15 18:30 +0000,1.0
update -- no extended wait in kingston,2017-04-16 03:10 +0000,0.0
"ed/ki - kingston terminal wait time - 1 hour, no wsp pass required",2017-04-16 16:45 +0000,1.0
"edm/ki-kingston terminal wait time - 2 hours, no wsp pass required",2017-04-16 17:50 +0000,2.0
edm/ki-update- kingston terminal wait time: 2 hrs. with wsp boarding passes,2017-04-16 21:50 +0000,2.0
edm/ki-update- kingston terminal wait time: 1 hr. with wsp boarding passes,2017-04-17 01:35 +0000,1.0
kingston terminal wait time - one hour,2017-04-21 23:15 +0000,1.0
update - no extended wait departing kingston,2017-04-22 03:10 +0000,0.0
edm/ki-kingston terminal wait time: 1 hour no wsp tallies,2017-04-22 19:45 +0000,1.0
update - no extended wait departing kingston,2017-04-23 02:55 +0000,0.0
edm/ki-kingston terminal wait time: 1 hour no wsp tallies,2017-04-23 18:10 +0000,1.0
edm/ki-kingston terminal wait time: 2 hour no wsp tallies,2017-04-23 19:35 +0000,2.0
ed/ki-update- kingston terminal wait time: 2 hr. with wsp boarding pass required,2017-04-23 20:15 +0000,2.0
ed/ki-update- kingston terminal wait time: 1 hr. with wsp boarding pass required,2017-04-23 22:45 +0000,1.0
edm/ki-update-kingston terminal wait time: 1 hour no wsp tallies,2017-04-23 23:45 +0000,1.0
ed/ki- update- there is no extended wait in kingston.,2017-04-24 01:45 +0000,0.0
edm/ki-kingston terminal wait time: 1 hour no wsp tallies,2017-04-29 16:55 +0000,1.0
edm/ki-update-kingston terminal wait time: 2 hours no wsp tallies,2017-04-29 17:55 +0000,2.0
edm/ki-update-kingston terminal wait time: 1 hour no wsp tallies,2017-04-29 19:40 +0000,1.0
ed/ki- update- there is no extended wait in kingston.,2017-04-29 20:45 +0000,0.0
ed/ki- kingston terminal wait time: 1 hr. no  boarding pass required,2017-04-30 18:25 +0000,1.0
kingston terminal - 1 hour wait -  no wsp boarding passes,2017-10-01 19:25 +0000,1.0
kingston wait time - 2 hours w/ wsp boarding passes,2017-10-01 20:45 +0000,2.0
kingston wait time - 1 hour w/ wsp boarding passes,2017-10-01 23:05 +0000,1.0
update - no extended wait departing kingston,2017-10-02 03:45 +0000,0.0
kingston terminal - 1 hour wait -  no wsp boarding passes,2017-10-07 18:10 +0000,1.0
update - no extended wait departing kingston,2017-10-08 02:55 +0000,0.0
kingston terminal - 1 hour wait -  no wsp boarding passes,2017-10-08 19:30 +0000,1.0
update - kingston terminal - 2 hour wait -  no wsp boarding passes,2017-10-09 00:25 +0000,2.0
update - kingston terminal - 1 hour wait -  no wsp boarding passes,2017-10-09 02:30 +0000,1.0
update - no extended wait departing kingston,2017-10-09 03:00 +0000,0.0
extended wait in kingston - 1 hour - no wsp pass required,2017-10-13 22:42 +0000,1.0
update - no extended wait in kingston,2017-10-14 03:05 +0000,0.0
kingston terminal - 1 hour wait -  no wsp boarding passes,2017-10-14 18:35 +0000,1.0
update - no extended wait in kingston,2017-10-14 21:00 +0000,0.0
kingston terminal - 1 hour wait -  no wsp boarding passes,2017-10-15 17:55 +0000,1.0
kingston terminal - 2 hour wait - wsp boarding passes required,2017-10-16 00:40 +0000,2.0
update - no extended wait in kingston,2017-10-16 04:15 +0000,0.0
ed/ki - kingston terminal wait time - one hour,2017-10-16 21:05 +0000,1.0
update - no extended wait in kingston,2017-10-16 22:15 +0000,0.0
kingston terminal - one hour wait - no wsp boarding pass required,2017-10-21 19:05 +0000,1.0
kingston terminal - one hour wait - no wsp boarding pass required,2017-10-22 19:35 +0000,1.0
update - no extended wait departing kingston,2017-10-23 01:30 +0000,0.0
kingston terminal - one hour wait - no wsp boarding pass required,2017-10-28 19:00 +0000,1.0
update - no extended wait departing kingston,2017-10-28 21:55 +0000,0.0
kingston terminal - one hour wait - no wsp boarding pass required,2017-10-29 17:45 +0000,1.0
update - no extended wait departing kingston,2017-10-30 04:20 +0000,0.0
kingston terminal status - 1 hour wait. no wsp boarding pass,2019-01-01 21:40 +0000,1.0
no extended wait departing kingston,2019-01-02 01:15 +0000,0.0
kingston terminal status - 1 hour wait. no wsp boarding pass,2019-01-14 01:15 +0000,1.0
no extended wait departing kingston,2019-01-14 02:20 +0000,0.0
kingston terminal status - 1 hour wait. no wsp boarding pass,2019-01-21 22:25 +0000,1.0
update -kingston terminal status - 2 hour wait. no wsp boarding pass,2019-01-21 22:55 +0000,2.0
update -kingston terminal status - 1 hour wait. no wsp boarding pass,2019-01-22 00:20 +0000,1.0
no extended wait departing kingston,2019-01-22 02:55 +0000,0.0
kingston terminal status - 1 hour wait. no wsp boarding pass,2019-01-27 22:20 +0000,1.0
update -kingston terminal status - 2 hour wait. no wsp boarding pass,2019-01-28 00:10 +0000,2.0
update -kingston terminal status - 1 hour wait. no wsp boarding pass,2019-01-28 02:40 +0000,1.0
no extended wait departing kingston,2019-01-28 03:25 +0000,0.0
kingston terminal status - 1 hour wait,2019-08-02 20:25 +0000,1.0
no extended wait for drivers departing kingston,2019-08-03 01:05 +0000,0.0
kingston terminal status - 1 hour wait,2019-08-03 17:45 +0000,1.0
no extended wait for drivers departing edmonds or kingston,2019-08-03 23:20 +0000,0.0
kingston terminal status - 1 hour wait,2019-08-04 18:05 +0000,1.0
kingston terminal -  1 hour wait. wsp boarding pass required,2019-08-04 18:50 +0000,1.0
kingston terminal -  2 hour wait. wsp boarding pass required,2019-08-04 19:55 +0000,2.0
update - kingston terminal -  3 hour wait. wsp boarding pass required,2019-08-04 22:35 +0000,3.0
update - kingston terminal -  2 hour wait. wsp boarding pass required,2019-08-05 00:20 +0000,2.0
no extended wait for drivers departing kingston,2019-08-05 01:15 +0000,0.0
kingston terminal status - 1 hour wait,2019-08-05 19:00 +0000,1.0
kingston terminal - one hour wait. wsp boarding pass required,2019-08-05 20:10 +0000,1.0
update -kingston terminal - two hour wait. wsp boarding pass required,2019-08-06 00:40 +0000,2.0
no extended wait for drivers departing kingston,2019-08-06 02:35 +0000,0.0
kingston terminal status - 1 hour wait,2019-08-06 19:00 +0000,1.0
"no extended wait in edmonds and kingston, vessels on schedule",2019-08-07 01:35 +0000,0.0
two hour wait in edmonds - one hour wait in kingston,2019-08-08 22:45 +0000,1.0
update - one hour wait for drivers departing edmonds and kingston,2019-08-09 01:50 +0000,1.0
"no extended wait departing edmonds and kingston, late vessel",2019-08-09 03:20 +0000,0.0
kingston terminal status - 1 hour wait,2019-08-09 21:45 +0000,1.0
no extended wait for drivers departing kingston,2019-08-10 01:35 +0000,0.0
no extended wait for drivers departing edmonds or kingston,2019-08-10 02:00 +0000,0.0
kingston terminal status - 1 hour wait,2019-08-10 18:15 +0000,1.0
no extended wait for drivers departing kingston,2019-08-11 00:00 +0000,0.0
kingston terminal status - 1 hour wait,2019-08-11 18:15 +0000,1.0
update -kingston terminal - two hour wait. wsp boarding pass required,2019-08-11 18:25 +0000,2.0
kingston terminal status - 2 hour wait,2019-08-12 01:30 +0000,2.0
no extended wait departing kingston,2019-08-12 04:20 +0000,0.0
kingston terminal status - 1 hour wait,2019-08-12 18:25 +0000,1.0
no extended wait departing kingston,2019-08-13 00:30 +0000,0.0
kingston terminal status - 1 hour wait,2019-08-15 23:40 +0000,1.0
one hour wait departing edmonds and kingston terminals,2019-08-16 00:55 +0000,1.0
"one hour wait departing edmonds, no wait in kingston",2019-08-16 01:55 +0000,0.0
kingston terminal status - 1 hour wait,2019-08-16 23:35 +0000,1.0
no extended wait departing kingston,2019-08-17 01:50 +0000,0.0
kingston terminal - one hour wait. wsp boarding pass required,2019-08-18 18:10 +0000,1.0
kingston terminal status - 1 hour wait,2019-08-18 18:50 +0000,1.0
update -kingston terminal - 3 hour wait. wsp boarding pass required,2019-08-18 20:50 +0000,3.0
kingston terminal status - 1 hour wait,2019-08-19 18:35 +0000,1.0
kingston terminal status - 1 hour wait,2019-08-21 19:10 +0000,1.0
no extended wait for drivers departing kingston,2019-08-22 00:20 +0000,0.0
kingston terminal status - 1 hour wait,2019-08-23 22:45 +0000,1.0
no extended wait for drivers departing kingston,2019-08-24 02:35 +0000,0.0
"one hour wait in edmonds, no extended wait departing kingston",2019-08-24 03:00 +0000,0.0
kingston terminal status - 1 hour wait,2019-08-24 18:15 +0000,1.0
no extended wait for drivers departing kingston,2019-08-25 03:45 +0000,0.0
kingston terminal status - 1 hour wait,2019-08-25 17:00 +0000,1.0
kingston terminal - 1 hour wait,2019-08-25 18:30 +0000,1.0
kingston terminal - 2 hour wait,2019-08-25 19:35 +0000,2.0
update - kingston terminal - 1 hour wait,2019-08-25 22:15 +0000,1.0
update - kingston terminal - 3 hour wait,2019-08-25 23:55 +0000,3.0
kingston terminal status - 1 hour wait,2019-08-26 17:31 +0000,1.0
kingston terminal status - 2 hour wait,2019-08-26 19:20 +0000,2.0
update - kingston terminal - 2 hour wait,2019-08-26 22:20 +0000,2.0
kingston terminal status - 1 hour wait,2019-08-27 02:25 +0000,1.0
no extended wait for drivers departing kingston,2019-08-27 02:45 +0000,0.0
kingston terminal - 1 hour wait -  no wsp boarding pass,2018-05-05 17:35 +0000,1.0
update - no extended wait departing kingston,2018-05-05 21:10 +0000,0.0
kingston terminal - 1 hour wait -  no wsp boarding pass,2018-05-06 18:10 +0000,1.0
update - no extended wait departing kingston,2018-05-07 03:20 +0000,0.0
kingston terminal - 1 hour wait -  no wsp boarding pass,2018-05-12 16:30 +0000,1.0
update - kingston terminal - 2 hour wait -  no wsp boarding pass,2018-05-13 01:30 +0000,2.0
update - no extended wait departing kingston,2018-05-13 05:15 +0000,0.0
kingston terminal - 1 hour wait -  no wsp boarding pass,2018-05-13 16:25 +0000,1.0
update - kingston terminal - 1 hour wait -  no wsp boarding pass,2018-05-14 03:30 +0000,1.0
update - no extended wait departing kingston,2018-05-14 05:15 +0000,0.0
ed/king - kingston terminal - one hour wait,2018-05-14 18:35 +0000,1.0
update - no extended wait departing kingston,2018-05-14 22:30 +0000,0.0
update - kingston terminal - 1 hour wait -  no wsp boarding pass,2018-05-18 22:45 +0000,1.0
update - no extended wait departing kingston,2018-05-19 00:55 +0000,0.0
ed/king - kingston terminal - one hour wait,2018-05-19 16:35 +0000,1.0
kingston terminal - 1 hour wait -  no wsp boarding pass,2018-05-19 16:40 +0000,1.0
update - no extended wait departing kingston,2018-05-19 19:15 +0000,0.0
kingston terminal - 1 hour wait -  no wsp boarding pass,2018-05-20 17:55 +0000,1.0
update -  kingston terminal - 2 hour wait -  no wsp boarding pass,2018-05-21 03:05 +0000,2.0
kingston terminal - 1 hour wait -  no wsp boarding pass,2018-05-28 00:25 +0000,1.0
update - no extended wait departing kingston,2018-05-28 05:20 +0000,0.0
kingston terminal - 1 hour wait -  no wsp boarding pass,2018-05-28 17:35 +0000,1.0
update - no extended wait departing kingston,2018-05-29 02:55 +0000,0.0
ed/ki - one hour wait without wsp boarding pass - kingston terminal,2018-05-29 17:35 +0000,1.0
no extended wait departing kingston,2018-05-29 20:45 +0000,0.0
"kingston terminal status - 1 hour wait, no wsp boarding pass",2019-05-05 19:10 +0000,1.0
update - kingston terminal -  2 hour wait. wsp boarding pass required,2019-05-05 21:40 +0000,2.0
"update - kingston terminal status - 1 hour wait, no wsp boarding pass",2019-05-06 01:20 +0000,1.0
no extended wait departing kingston,2019-05-06 04:25 +0000,0.0
"kingston terminal status - 1 hour wait, no wsp boarding pass",2019-05-11 17:20 +0000,1.0
no extended wait departing kingston,2019-05-11 21:55 +0000,0.0
"update - kingston terminal status - 2 hour wait, no wsp boarding pass",2019-05-12 02:45 +0000,2.0
"update - kingston terminal status - 1 hour wait, no wsp boarding pass",2019-05-12 03:20 +0000,1.0
"kingston terminal status - 1 hour wait, no wsp boarding pass",2019-05-12 16:55 +0000,1.0
update - kingston terminal -  2 hour wait. wsp boarding pass required,2019-05-12 19:50 +0000,2.0
update - kingston terminal -  1 hour wait. wsp boarding pass required,2019-05-12 22:45 +0000,1.0
"kingston terminal status - 1 hour wait, no wsp boarding pass",2019-05-18 17:15 +0000,1.0
no extended wait departing kingston,2019-05-18 21:40 +0000,0.0
"kingston terminal status - 1 hour wait, no wsp boarding pass",2019-05-19 19:35 +0000,1.0
update - kingston terminal -  1 hour wait. wsp boarding pass required,2019-05-19 20:45 +0000,1.0
update - kingston terminal -  2 hour wait. wsp boarding pass required,2019-05-19 20:55 +0000,2.0
"update - kingston terminal status - 2 hour wait, no wsp boarding pass",2019-05-19 21:40 +0000,2.0
"update - kingston terminal status - 1 hour wait, no wsp boarding pass",2019-05-20 01:00 +0000,1.0
no extended wait departing kingston,2019-05-20 03:15 +0000,0.0
"kingston terminal status - 1 hour wait, no wsp boarding pass",2019-05-23 19:35 +0000,1.0
"kingston terminal status - 2 hour wait, no wsp boarding pass",2019-05-23 20:35 +0000,2.0
"update - one hour wait in kingston, two hour wait in edmonds",2019-05-24 00:10 +0000,1.0
"update - one hour wait in kingston, one hour wait in edmonds",2019-05-24 00:35 +0000,1.0
"update - one hour wait in edmonds, no wait in kingston",2019-05-24 02:15 +0000,0.0
edm/king-kingston 10:20am and edmonds 11:05am sailings cancelled--2 hr. wait,2019-05-25 17:55 +0000,1.0
no extended wait departing kingston,2019-05-25 20:30 +0000,0.0
"kingston terminal status - 1 hour wait, no wsp boarding pass",2019-05-27 04:00 +0000,1.0
"kingston terminal status - 2 hour wait, no wsp boarding pass",2019-05-27 04:25 +0000,2.0
edm/king-kingston terminal status: one hour wait--no wsp boarding pass required,2019-05-27 18:45 +0000,1.0
kingston terminal status: two hour wait--no wsp boarding pass required,2019-05-27 21:10 +0000,2.0
kingston terminal status: one hour wait--no wsp boarding pass required,2019-05-28 02:10 +0000,1.0
kingston terminal status: one hour wait--no wsp boarding pass required,2019-05-28 18:35 +0000,1.0
kingston terminal status - 1 hour wait,2019-05-28 20:20 +0000,1.0
no extended wait departing kingston,2019-05-28 22:20 +0000,0.0
kingston terminal status - 1 hour wait,2019-05-31 17:10 +0000,1.0
"kingston terminal status - 1 hour wait, no wsp boarding pass",2018-08-03 22:05 +0000,1.0
no extended wait departing kingston,2018-08-04 00:35 +0000,0.0
"kingston terminal status - 1 hour wait, no wsp boarding pass",2018-08-04 17:20 +0000,1.0
"kingston terminal status - 2 hour wait, no wsp boarding pass",2018-08-05 18:10 +0000,2.0
update -kingston terminal wait 2 hours - wsp boarding passes required,2018-08-05 18:35 +0000,2.0
kingston terminal wait 2 hours - wsp boarding passes required,2018-08-05 18:40 +0000,2.0
"kingston terminal status - 1 hour wait, no wsp boarding pass",2018-08-06 03:10 +0000,1.0
no extended wait departing kingston,2018-08-06 03:45 +0000,0.0
"kingston terminal status - 1 hour wait, no wsp boarding pass",2018-08-06 17:50 +0000,1.0
no extended wait departing edmonds or kingston,2018-08-07 02:05 +0000,0.0
"kingston terminal status - 1 hour wait, no wsp boarding pass",2018-08-10 20:05 +0000,1.0
no extended wait departing kingston,2018-08-11 03:30 +0000,0.0
"kingston terminal status - 1 hour wait, no wsp boarding pass",2018-08-11 17:10 +0000,1.0
kingston terminal wait 90 minutes - wsp boarding passes required,2018-08-11 18:35 +0000,1.5
kingston terminal wait 2 hours - wsp boarding passes required,2018-08-11 19:35 +0000,2.0
"update - kingston terminal status - 1 hour wait, no wsp boarding pass",2018-08-11 21:15 +0000,1.0
no extended wait departing kingston,2018-08-12 04:30 +0000,0.0
"kingston terminal status - 1 hour wait, no wsp boarding pass",2018-08-12 16:55 +0000,1.0
"update: kingston terminal status - 2 hour wait, no wsp boarding pass",2018-08-12 17:10 +0000,2.0
update: kingston terminal wait 2 hours - wsp boarding passes required,2018-08-12 18:15 +0000,2.0
"kingston terminal status - one hour wait, no boarding pass",2018-08-13 16:00 +0000,1.0
"update: kingston terminal status - two hour wait, no boarding pass",2018-08-13 23:20 +0000,2.0
no extended wait departing kingston,2018-08-14 02:00 +0000,0.0
"kingston terminal status - 1 hour wait, no wsp boarding pass",2018-08-17 00:40 +0000,1.0
no extended wait departing kingston,2018-08-17 01:45 +0000,0.0
"kingston terminal status - 1 hour wait, no wsp boarding pass",2018-08-17 20:30 +0000,1.0
no extended wait departing kingston,2018-08-18 03:35 +0000,0.0
"kingston terminal status - 1 hour wait, no wsp boarding pass",2018-08-18 17:15 +0000,1.0
update: kingston terminal wait 1 hour - wsp boarding passes required,2018-08-18 19:45 +0000,1.0
update: kingston terminal wait 2 hours - wsp boarding passes required,2018-08-18 20:05 +0000,2.0
kingston terminal wait 3 hours - wsp boarding passes required,2018-08-19 18:05 +0000,3.0
update: kingston terminal wait 4 hours - wsp boarding passes required,2018-08-19 19:40 +0000,4.0
update: kingston terminal wait 3 hours - wsp boarding passes required,2018-08-19 21:15 +0000,3.0
update: kingston terminal wait 2 hours - wsp boarding passes required,2018-08-19 22:45 +0000,2.0
"update kingston terminal status - 2 hour wait, no wsp boarding pass",2018-08-19 23:45 +0000,2.0
"update: kingston terminal status - 1 hour wait, no wsp boarding pass",2018-08-20 02:35 +0000,1.0
no extended wait departing kingston,2018-08-20 03:55 +0000,0.0
"kingston terminal status - 1 hour wait, no wsp boarding pass",2018-08-20 18:30 +0000,1.0
no extended wait departing kingston,2018-08-21 02:00 +0000,0.0
"kingston terminal status - 1 hour wait, no wsp boarding pass",2018-08-24 22:25 +0000,1.0
no extended wait departing kingston,2018-08-25 01:55 +0000,0.0
"kingston terminal status - 1 hour wait, no wsp boarding pass",2018-08-25 18:15 +0000,1.0
update: kingston terminal wait 1 hour - wsp boarding passes required,2018-08-25 21:05 +0000,1.0
"update - kingston terminal status - 1 hour wait, no wsp boarding pass",2018-08-25 22:15 +0000,1.0
"update - kingston terminal status - 2 hour wait, no wsp boarding pass",2018-08-25 23:10 +0000,2.0
no extended wait departing kingston,2018-08-26 03:35 +0000,0.0
"kingston terminal status - 1 hour wait, no wsp boarding pass",2018-08-26 17:30 +0000,1.0
update: kingston terminal wait 2 hour - wsp boarding passes required,2018-08-26 18:25 +0000,2.0
update: kingston terminal wait 3 hour - wsp boarding passes required,2018-08-26 21:30 +0000,3.0
update: kingston terminal wait 1 hour - wsp boarding passes required,2018-08-27 03:15 +0000,1.0
update - no extended wait departing kingston,2018-08-27 04:35 +0000,0.0
kingston terminal wait time - one hour,2018-01-01 20:40 +0000,1.0
update - kingston terminal wait time - two hours,2018-01-01 22:30 +0000,2.0
update - no extended wait departing kingston,2018-01-02 03:10 +0000,0.0
kingston terminal wait time - one hour,2018-01-14 23:15 +0000,1.0
update - no extended wait departing kingston,2018-01-15 05:10 +0000,0.0
kingston terminal wait time - one hour,2018-01-15 20:55 +0000,1.0
update - kingston terminal wait time - two hours,2018-01-15 22:45 +0000,2.0
update - kingston terminal wait time - one hour,2018-01-16 00:25 +0000,1.0
update - no extended wait departing kingston,2018-01-16 02:40 +0000,0.0
kingston terminal wait time - one hour,2018-01-28 01:10 +0000,1.0
kingston terminal - 1 hour wait -  no wsp boarding passes required,2017-09-04 03:05 +0000,1.0
kingston terminal - 1 hour wait -  no wsp boarding passes required,2017-09-04 17:55 +0000,1.0
kingston terminal - 1 hour wait -  no wsp boarding passes required,2017-09-10 19:50 +0000,1.0
kingston wait time - 2 hours w/ wsp boarding passes,2017-09-10 21:40 +0000,2.0
update - no extended wait departing kingston,2017-09-11 03:40 +0000,0.0
kingston terminal - 1 hour wait -  no wsp boarding passes required,2017-09-16 20:10 +0000,1.0
kingston terminal - 1 hour wait -  no wsp boarding passes required,2017-09-17 19:05 +0000,1.0
kingston wait time - 2 hours w/ wsp boarding passes,2017-09-17 19:55 +0000,2.0
update - kingston terminal - 1 hour wait -  no wsp boarding passes,2017-09-18 00:55 +0000,1.0
update - no extended wait departing kingston,2017-09-18 03:05 +0000,0.0
kingston terminal - 1 hour wait -  no wsp boarding passes,2017-09-23 18:30 +0000,1.0
update - no extended wait departing kingston,2017-09-23 21:05 +0000,0.0
kingston terminal - 1 hour wait -  no wsp boarding passes,2017-09-24 18:40 +0000,1.0
kingston wait time - 2 hours w/ wsp boarding passes,2017-09-24 23:40 +0000,2.0
update - no extended wait departing kingston,2017-09-25 03:05 +0000,0.0
"kingston terminal status - one hour wait, no wsp boarding pass",2018-10-01 01:30 +0000,1.0
no extended wait departing kingston,2018-10-01 03:20 +0000,0.0
"kingston terminal status - one hour wait, no wsp boarding pass",2018-10-05 22:40 +0000,1.0
no extended wait departing kingston,2018-10-06 01:15 +0000,0.0
"kingston terminal status - one hour wait, no wsp boarding pass",2018-10-06 18:40 +0000,1.0
"kingston terminal status - two hour wait, no wsp boarding pass",2018-10-06 21:55 +0000,2.0
update no extended wait departing kingston,2018-10-07 03:35 +0000,0.0
"kingston terminal status - one hour wait, no wsp boarding pass",2018-10-07 18:05 +0000,1.0
"update-kingston terminal status - two hour wait, no wsp boarding pass",2018-10-07 19:45 +0000,2.0
update - kingston terminal - 2 hour wait - wsp boarding pass required,2018-10-07 21:50 +0000,2.0
"update-kingston terminal status - one hour wait, no wsp boarding pass",2018-10-08 00:30 +0000,1.0
update - no extended wait departing kingston,2018-10-08 03:20 +0000,0.0
"kingston terminal status - one hour wait, no wsp boarding pass",2018-10-13 16:30 +0000,1.0
"kingston terminal status - one hour wait, no wsp boarding pass",2018-10-14 18:55 +0000,1.0
update - kingston terminal - 2 hour wait - wsp boarding pass required,2018-10-14 22:20 +0000,2.0
update - no extended wait departing kingston,2018-10-15 03:35 +0000,0.0
"kingston terminal status - 60 minute wait, no wsp boarding pass",2018-10-19 22:10 +0000,1.0
no extended wait departing kingston,2018-10-20 02:50 +0000,0.0
"kingston terminal status - 60 minute wait, no wsp boarding pass",2018-10-20 16:25 +0000,1.0
no extended wait departing kingston,2018-10-20 18:35 +0000,0.0
"kingston terminal status - 1 hour wait, no wsp boarding pass",2018-10-20 22:40 +0000,1.0
"kingston terminal status - 1 hour wait, no wsp boarding pass",2018-10-21 18:15 +0000,1.0
update - kingston terminal - 2 hour wait - wsp boarding pass required,2018-10-21 19:45 +0000,2.0
no extended wait departing kingston,2018-10-22 04:10 +0000,0.0
"kingston terminal status - 1 hour wait, no wsp boarding pass",2018-10-27 19:35 +0000,1.0
no extended wait departing edmonds or kingston,2018-10-28 03:00 +0000,0.0
kingston terminal - no extended wait,2017-08-01 00:25 +0000,0.0
kingston terminal wait - one hour - no wsp boarding pass,2017-08-05 19:25 +0000,1.0
kingston terminal wait - one hour - no wsp boarding pass,2017-08-06 17:25 +0000,1.0
ed/king-update- kingston wait time: 2 hrs. with wsp boarding pass required,2017-08-06 18:40 +0000,2.0
ed/king-update- kingston wait time: 3 hrs. with wsp boarding pass required,2017-08-06 20:15 +0000,3.0
ed/king - update - kingston wait time: 2 hrs. with wsp boarding pass required,2017-08-06 22:15 +0000,2.0
update - kingston terminal wait - one hour - no wsp boarding pass,2017-08-07 00:15 +0000,1.0
kingston terminal - no extended wait,2017-08-07 05:05 +0000,0.0
kingston terminal wait - one hour - no wsp boarding pass,2017-08-07 18:20 +0000,1.0
kingston terminal - one hour wait,2017-08-10 01:00 +0000,1.0
update - no extended wait departing kingston,2017-08-10 02:05 +0000,0.0
kingston terminal - one hour wait - no wsp boarding pass,2017-08-10 21:40 +0000,1.0
update - no extended wait departing kingston,2017-08-11 02:10 +0000,0.0
kingston terminal - one hour wait - no wsp boarding pass,2017-08-11 19:50 +0000,1.0
update - no extended wait departing kingston,2017-08-12 02:30 +0000,0.0
kingston terminal - one hour wait - no wsp boarding pass,2017-08-12 17:30 +0000,1.0
ed/king - kingston wait time: 2 hrs. with wsp boarding pass required,2017-08-13 18:30 +0000,2.0
ed/king - update - kingston wait time: 3 hrs. with wsp boarding pass required,2017-08-13 20:10 +0000,3.0
ed/king - update - kingston wait time: 2 hrs. with wsp boarding pass required,2017-08-13 20:50 +0000,2.0
ed/king - update - kingston wait time: 1 hr. with wsp boarding pass required,2017-08-14 03:00 +0000,1.0
update - kingston terminal - one hour wait - no wsp boarding pass,2017-08-14 03:05 +0000,1.0
update - no extended wait departing kingston,2017-08-14 03:55 +0000,0.0
update - no extended wait departing kingston,2017-08-15 02:05 +0000,0.0
kingston terminal - one hour wait - no wsp boarding pass required,2017-08-17 00:10 +0000,1.0
update - no extended wait departing kingston,2017-08-17 01:30 +0000,0.0
kingston terminal - 1 hour wait -  no wsp boarding passes required.,2017-08-18 20:50 +0000,1.0
kingston terminal - 1 hour wait -  no wsp boarding passes required,2017-08-18 20:55 +0000,1.0
update - kingston terminal - 2 hour wait with wsp boarding pass,2017-08-18 23:50 +0000,2.0
update - no extended wait departing kingston,2017-08-19 01:45 +0000,0.0
kingston terminal - 1 hour wait -  no wsp boarding passes required,2017-08-19 20:05 +0000,1.0
update - no extended wait departing kingston,2017-08-19 23:25 +0000,0.0
kingston terminal - 1 hour wait -  no wsp boarding passes required,2017-08-20 17:30 +0000,1.0
update - kingston terminal - 2 hour wait with wsp boarding pass,2017-08-20 17:45 +0000,2.0
update - kingston terminal - 1 hour wait with wsp boarding pass,2017-08-20 22:40 +0000,1.0
update - no extended wait departing kingston,2017-08-21 04:50 +0000,0.0
kingston terminal - 1 hour wait -  no wsp boarding passes required,2017-08-26 18:55 +0000,1.0
kingston terminal - 1 hour wait -  no wsp boarding passes required,2017-08-27 17:30 +0000,1.0
kingston terminal - 1 hour wait with wsp boarding pass,2017-08-27 18:55 +0000,1.0
kingston terminal - 2 hour wait with wsp boarding pass,2017-08-27 19:20 +0000,2.0
update - kingston terminal - 3 hour wait with wsp boarding pass,2017-08-27 21:30 +0000,3.0
update - kingston terminal - 2 hour wait with wsp boarding pass,2017-08-28 00:00 +0000,2.0
update - kingston terminal - 1 hour wait - no pass required,2017-08-28 02:00 +0000,1.0
update - no extended wait in kingston,2017-08-28 05:10 +0000,0.0
kingston terminal - one hour wait - no wsp boarding pass required,2017-08-28 20:10 +0000,1.0
update - no extended wait departing kingston,2017-08-29 02:20 +0000,0.0
kingston terminal - 1 hour wait -  no wsp boarding passes required,2017-08-30 17:45 +0000,1.0
update - no extended wait departing kingston,2017-08-30 21:45 +0000,0.0
ed/ki - wait time - kingston terminal - 1 hour,2017-01-01 22:40 +0000,1.0
ed/ki - no extended wait - kingston terminal,2017-01-02 00:55 +0000,0.0
kingston terminal wait time - one hour,2017-01-02 20:40 +0000,1.0
no extended wait -  kingston terminal,2017-01-02 23:55 +0000,0.0
kingston terminal wait time - one hour - no wsp boarding pass,2017-01-14 19:20 +0000,1.0
update - no extended wait departing kingston,2017-01-14 21:35 +0000,0.0
kingston terminal wait time - one hour - no wsp boarding pass,2017-01-15 20:55 +0000,1.0
no extended wait at the kingston terminal,2017-01-16 04:10 +0000,0.0
ed/king - one hour wait at kingston,2017-01-21 02:30 +0000,1.0
ed/king - no extended wait departing kingston,2017-01-21 03:35 +0000,0.0
kingston terminal wait time - two hours - no wsp boarding pass,2017-01-29 21:15 +0000,2.0
kingston terminal wait time - one hour - no wsp boarding pass,2017-01-29 22:05 +0000,1.0
no extended wait at the kingston terminal,2017-01-30 02:55 +0000,0.0
kingston terminal status - 1 hour wait,2019-10-06 19:30 +0000,1.0
kingston terminal status - 2 hour wait,2019-10-07 00:00 +0000,2.0
no extended wait for drivers departing kingston,2019-10-07 03:20 +0000,0.0
kingston terminal status - 1 hour wait,2019-10-12 16:35 +0000,1.0
no extended wait for drivers departing kingston,2019-10-13 03:10 +0000,0.0
kingston terminal status - 1 hour wait,2019-10-13 18:15 +0000,1.0
update - kingston terminal - 2 hour wait,2019-10-13 22:45 +0000,2.0
no extended wait for drivers departing kingston,2019-10-14 05:20 +0000,0.0
kingston terminal status - 1 hour wait,2019-10-19 17:00 +0000,1.0
no extended wait for drivers departing kingston,2019-10-20 00:30 +0000,0.0
kingston terminal status - 1 hour wait,2019-10-20 18:05 +0000,1.0
no extended wait for drivers departing kingston,2019-10-21 02:30 +0000,0.0
kingston terminal status - 1 hour wait,2019-10-26 17:15 +0000,1.0
no longer an extended wait departing edmonds or kingston,2019-10-27 04:05 +0000,0.0
kingston terminal status - 1 hour wait,2019-10-27 19:15 +0000,1.0
kingston terminal status - 2 hour wait,2019-10-27 23:05 +0000,2.0
no extended wait for drivers departing kingston,2019-10-28 02:15 +0000,0.0
"kingston terminal status - 1 hour wait, no wsp boarding pass",2018-09-03 00:05 +0000,1.0
"update - kingston terminal status - 2 hour wait, no wsp boarding pass",2018-09-03 01:20 +0000,2.0
"kingston terminal status - one hour wait, no wsp boarding pass",2018-09-03 18:50 +0000,1.0
kingston terminal - one hour wait.  wsp boarding pass now required,2018-09-03 20:40 +0000,1.0
kingston terminal - two hour wait - wsp boarding pass required,2018-09-03 21:25 +0000,2.0
update - no extended wait departing kingston,2018-09-04 04:05 +0000,0.0
"kingston terminal status - one hour wait, no wsp boarding pass",2018-09-08 18:35 +0000,1.0
update - no extended wait departing kingston,2018-09-08 22:45 +0000,0.0
"kingston terminal status - one hour wait, no wsp boarding pass",2018-09-09 18:55 +0000,1.0
kingston terminal - one hour wait - wsp boarding pass required,2018-09-09 19:25 +0000,1.0
update-kingston terminal - two hour wait - wsp boarding pass required,2018-09-09 21:55 +0000,2.0
update-kingston terminal - 3 hour wait - wsp boarding pass required,2018-09-09 22:25 +0000,3.0
update-kingston terminal - 2 hour wait - wsp boarding pass required,2018-09-10 01:25 +0000,2.0
update - no extended wait departing kingston,2018-09-10 03:30 +0000,0.0
"kingston terminal status - one hour wait, no wsp boarding pass",2018-09-15 17:25 +0000,1.0
update - no extended wait departing kingston,2018-09-16 03:30 +0000,0.0
"kingston terminal status - one hour wait, no wsp boarding pass",2018-09-16 17:35 +0000,1.0
update-kingston terminal - 2 hour wait - wsp boarding pass required,2018-09-16 19:25 +0000,2.0
update - no extended wait departing kingston,2018-09-17 01:35 +0000,0.0
"kingston terminal status - one hour wait, no wsp boarding pass",2018-09-21 21:55 +0000,1.0
no extended wait departing kingston,2018-09-22 01:55 +0000,0.0
"kingston terminal status - one hour wait, no wsp boarding pass",2018-09-22 17:05 +0000,1.0
"update:kingston terminal status - two hour wait, no wsp boarding pass",2018-09-22 19:05 +0000,2.0
"update:kingston terminal status - one hour wait, no wsp boarding pass",2018-09-22 21:00 +0000,1.0
no extended wait departing kingston,2018-09-23 03:10 +0000,0.0
"kingston terminal status - one hour wait, no wsp boarding pass",2018-09-23 16:05 +0000,1.0
"update: kingston terminal status - two hour wait, no wsp boarding pass",2018-09-23 16:55 +0000,2.0
kingston terminal - 2 hour wait - wsp boarding pass required,2018-09-23 18:00 +0000,2.0
"kingston terminal status - one hour wait, no wsp boarding pass",2018-09-28 23:45 +0000,1.0
no extended wait departing kingston,2018-09-29 03:50 +0000,0.0
"kingston terminal status - two hour wait, no wsp boarding pass",2018-09-29 14:55 +0000,2.0
update: kingston terminal - 3 hour wait - wsp boarding pass required,2018-09-29 17:30 +0000,3.0
"kingston terminal status - one hour wait, no wsp boarding pass",2018-09-30 18:45 +0000,1.0
kingston terminal - 2 hour wait - wsp boarding pass required,2018-09-30 21:35 +0000,2.0
kingston terminal status - 1 hour wait,2019-09-02 01:00 +0000,1.0
kingston terminal - one hour wait,2019-09-02 19:55 +0000,1.0
no extended wait for drivers departing kingston,2019-09-03 02:00 +0000,0.0
kingston terminal status - 1 hour wait,2019-09-07 18:45 +0000,1.0
kingston terminal status - 1 hour wait,2019-09-08 19:55 +0000,1.0
update - kingston terminal - 2 hour wait,2019-09-08 20:15 +0000,2.0
no extended wait for drivers departing kingston,2019-09-09 03:20 +0000,0.0
kingston terminal status - 1 hour wait,2019-09-14 21:30 +0000,1.0
no extended wait for drivers departing kingston,2019-09-14 23:55 +0000,0.0
kingston terminal status - 1 hour wait,2019-09-15 19:10 +0000,1.0
update - kingston terminal - 2 hour wait,2019-09-15 23:00 +0000,2.0
no extended wait for drivers departing kingston,2019-09-16 01:20 +0000,0.0
kingston terminal status - 1 hour wait,2019-09-21 23:05 +0000,1.0
kingston terminal status - 1 hour wait,2019-09-22 18:05 +0000,1.0
update - kingston terminal - 2 hour wait,2019-09-22 18:20 +0000,2.0
no extended wait for drivers departing kingston,2019-09-23 03:15 +0000,0.0
kingston terminal status - 1 hour wait,2019-09-28 22:35 +0000,1.0
update - kingston terminal - 2 hour wait,2019-09-28 23:05 +0000,2.0
no extended wait for drivers departing kingston,2019-09-29 04:45 +0000,0.0
kingston terminal status - 1 hour wait,2019-09-29 17:25 +0000,1.0
update - kingston terminal - 2 hour wait,2019-09-30 01:15 +0000,2.0
no extended wait for drivers departing kingston,2019-09-30 04:30 +0000,0.0
"kingston terminal wait time - one hour, no wsp boarding pass",2017-06-04 18:55 +0000,1.0
"update-kingston terminal wait time - two hours, no wsp boarding pass",2017-06-04 20:15 +0000,2.0
edm/ki- kingston terminal wait time: 2 hours w/ wsp boarding pass,2017-06-04 20:40 +0000,2.0
kingston terminal wait time: 1 hour w/ wsp boarding pass,2017-06-05 00:15 +0000,1.0
"kingston terminal wait time: 1 hour, no wsp boarding pass",2017-06-05 02:25 +0000,1.0
no extended wait in kingston,2017-06-05 03:55 +0000,0.0
"kingston terminal wait time - one hour, no wsp boarding pass",2017-06-11 18:40 +0000,1.0
update - kingston terminal wait time - 1 hour w/ wsp boarding passes,2017-06-11 20:50 +0000,1.0
update - kingston terminal wait time - 2 hours w/ wsp boarding passes,2017-06-11 23:20 +0000,2.0
"update - kingston terminal wait time - one hour, no wsp boarding pass",2017-06-12 02:25 +0000,1.0
update - no extended wait departing kingston,2017-06-12 04:15 +0000,0.0
"kingston terminal wait time - one hour, no wsp boarding pass",2017-06-17 17:25 +0000,1.0
"update:  kingston terminal wait time - 2 hrs., no wsp boarding pass",2017-06-17 19:25 +0000,2.0
"update:  kingston terminal wait time - 1 hr, no wsp boarding pass",2017-06-18 00:05 +0000,1.0
update - no extended wait departing kingston,2017-06-18 04:30 +0000,0.0
kingston wait time - 1 hour,2017-06-18 17:25 +0000,1.0
"kingston terminal wait time - 1 hr, no wsp boarding pass",2017-06-18 17:30 +0000,1.0
update - kingston wait time - 1 hour w/ wsp boarding passes,2017-06-18 18:35 +0000,1.0
update - kingston wait time - 2 hour w/ wsp boarding passes,2017-06-18 19:00 +0000,2.0
"update - kingston terminal wait time - 2 hrs, no wsp boarding pass",2017-06-19 02:15 +0000,2.0
update - no extended wait departing kingston,2017-06-19 03:05 +0000,0.0
"kingston terminal wait time - 1 hr, no wsp boarding pass",2017-06-25 02:10 +0000,1.0
"kingston terminal wait time - 1 hr, no wsp boarding pass",2017-06-25 17:05 +0000,1.0
kingston wait time - 2 hour w/ wsp boarding passes,2017-06-25 20:40 +0000,2.0
kingston wait time - 3 hours w/ wsp boarding passes,2017-06-25 23:20 +0000,3.0
update - kingston wait time - 2 hours w/ wsp boarding passes,2017-06-26 01:40 +0000,2.0
update - no extended wait departing kingston,2017-06-26 04:25 +0000,0.0
"kingston terminal wait time - 1 hr, no wsp boarding pass",2017-06-26 19:50 +0000,1.0
update - no extended wait departing kingston,2017-06-27 01:05 +0000,0.0
"kingston terminal status - 1 hour wait, no wsp boarding pass",2019-04-01 18:45 +0000,1.0
"kingston terminal status - 1 hour wait, no wsp boarding pass",2019-04-12 23:20 +0000,1.0
no extended wait departing kingston,2019-04-13 01:45 +0000,0.0
"kingston terminal status - 1 hour wait, no wsp boarding pass",2019-04-13 19:15 +0000,1.0
"kingston terminal status - 1 hour wait, no wsp boarding pass",2019-04-14 21:00 +0000,1.0
update - kingston terminal - 2 hour wait. wsp boarding pass required,2019-04-14 23:35 +0000,2.0
update - no extended wait departing kingston,2019-04-15 03:35 +0000,0.0
"kingston terminal status - 1 hour wait, no wsp boarding pass",2019-04-20 17:45 +0000,1.0
no extended wait departing kingston,2019-04-21 01:45 +0000,0.0
"kingston terminal status - 1 hour wait, no wsp boarding pass",2019-04-21 17:05 +0000,1.0
update - kingston terminal - 2 hour wait. wsp boarding pass required,2019-04-21 18:55 +0000,2.0
"update - kingston terminal status - 1 hour wait, no wsp boarding pass",2019-04-22 01:40 +0000,1.0
"kingston terminal status - 1 hour wait, no wsp boarding pass",2019-04-27 16:20 +0000,1.0
"update: kingston terminal status - 1 hour wait, no wsp boarding pass",2019-04-27 20:55 +0000,1.0
no extended wait departing kingston,2019-04-27 22:35 +0000,0.0
"kingston terminal status - 1 hour wait, no wsp boarding pass",2019-04-28 18:50 +0000,1.0
edm/king- kingston terminal - 1 hour wait. wsp boarding pass required,2019-04-28 20:25 +0000,1.0
update - kingston terminal -  2 hour wait. wsp boarding pass required,2019-04-28 21:45 +0000,2.0
update - kingston terminal -  1 hour wait. wsp boarding pass required,2019-04-29 00:50 +0000,1.0
"update - kingston terminal status - 1 hour wait, no wsp boarding pass",2019-04-29 01:20 +0000,1.0
edmonds and kingston terminal status - 2 hour wait,2019-12-24 00:45 +0000,2.0
kingston terminal status - no extended wait,2019-12-28 04:40 +0000,0.0
kingston terminal status - no extended wait,2019-12-27 00:25 +0000,0.0
kingston terminal status - one hour wait,2019-12-30 20:00 +0000,1.0
kingston terminal status - one hour wait,2019-12-29 21:20 +0000,1.0
kingston terminal status - one hour wait,2019-12-28 19:15 +0000,1.0
kingston terminal status - one hour wait,2019-12-28 02:00 +0000,1.0
kingston terminal status - one hour wait,2019-12-25 20:45 +0000,1.0
"kingston terminal status - one hour wait, no wsp boarding pass",2019-12-26 20:18 +0000,1.0
"kingston terminal status - one hour wait, no wsp boarding pass",2019-12-24 18:15 +0000,1.0
"kingston terminal status - one hour wait, no wsp boarding pass",2019-12-23 20:00 +0000,1.0
"kingston terminal status - one hour wait, no wsp boarding pass",2019-12-14 18:30 +0000,1.0
"kingston terminal status - one hour wait, no wsp boarding pass",2019-12-07 23:00 +0000,1.0
"kingston terminal status - one hour wait, no wsp boarding pass",2019-12-01 19:50 +0000,1.0
kingston terminal status - two hour wait,2019-12-31 00:30 +0000,2.0
"kingston terminal status - two hour wait, no wsp boarding pass",2019-12-24 20:55 +0000,2.0
"kingston terminal status - two hour wait, no wsp boarding pass",2019-12-26 21:18 +0000,2.0
"kingston terminal status - two hour wait, no wsp boarding pass",2019-12-24 21:00 +0000,2.0
"kingston terminal status - two hour wait, no wsp boarding pass",2019-12-24 00:05 +0000,2.0
kingston terminal status - two hour wait,2019-12-01 21:35 +0000,2.0
no extended wait for drivers departing edmonds or kingston,2019-12-24 02:10 +0000,0.0
no extended wait for drivers departing kingston and edmonds,2019-12-25 01:45 +0000,0.0
"no extended wait in kingston - one hour wait in edmonds, late vessel",2019-12-26 00:30 +0000,0.0
"udpate - no extended wait in kingston and edmonds, late vessel",2019-12-26 00:40 +0000,0.0
update - kingston terminal status - no extended wait,2019-12-30 00:15 +0000,0.0
update - no extended wait departing kingston,2019-12-31 02:55 +0000,0.0
update - no extended wait departing kingston,2019-12-28 21:55 +0000,0.0
update - no extended wait departing kingston,2019-12-14 23:40 +0000,0.0
update - no extended wait departing kingston,2019-12-08 03:00 +0000,0.0
update - no extended wait departing kingston,2019-12-02 01:00 +0000,0.0
update - no extended wait departing kingston,2019-12-01 04:15 +0000,0.0
"update - no extended wait departing kingston, late vessel",2019-12-26 07:45 +0000,0.0
update - one hour wait departing kingston and edmonds,2019-12-31 21:30 +0000,1.0
update - one hour wait departing kingston and edmonds terminals,2019-12-25 22:40 +0000,1.0
update - one hour wait departing kingston,2019-12-28 22:45 +0000,1.0
"update - one hour wait in kingston, late vessels",2019-12-26 05:40 +0000,1.0
"update-kingston terminal status - one hour wait, no wsp boarding pass",2019-12-01 02:40 +0000,1.0
update:  kingston terminal status - two hour wait,2019-12-28 20:35 +0000,2.0
edm/king-update: kingston 6:25am departure is cancelled. one hr. wait,2019-12-28 15:10 +0000,1.0
"kingston terminal status - 1 hour wait, no wsp boarding pass",2018-12-01 18:40 +0000,1.0
update- no extended wait departing kingston,2018-12-02 05:05 +0000,0.0
"kingston terminal status - 1 hour wait, no wsp boarding pass",2018-12-04 17:25 +0000,1.0
update- no extended wait departing kingston,2018-12-04 23:50 +0000,0.0
"kingston terminal status - 1 hour wait, no wsp boarding pass",2018-12-11 18:30 +0000,1.0
kingston terminal status - no extended wait,2018-12-11 21:05 +0000,0.0
kingston terminal wait time - one hour - no wsp boarding pass,2018-12-15 19:20 +0000,1.0
no extended wait departing kingston,2018-12-15 22:45 +0000,0.0
kingston terminal wait time - one hour - no wsp boarding pass,2018-12-16 19:35 +0000,1.0
no extended wait departing kingston,2018-12-17 02:05 +0000,0.0
kingston terminal wait time - one hour - no wsp boarding pass,2018-12-22 19:10 +0000,1.0
no extended wait departing kingston,2018-12-22 22:55 +0000,0.0
kingston terminal wait time - one hour - no wsp boarding pass,2018-12-23 20:10 +0000,1.0
no extended wait departing kingston,2018-12-24 01:55 +0000,0.0
kingston terminal wait time - two hour - no wsp boarding pass,2018-12-24 21:35 +0000,2.0
kingston terminal wait time - one hour - no wsp boarding pass,2018-12-25 20:15 +0000,1.0
no extended wait departing kingston,2018-12-26 01:20 +0000,0.0
kingston terminal wait time - one hour - no wsp boarding pass,2018-12-26 18:45 +0000,1.0
kingston terminal wait time - two hour - no wsp boarding pass,2018-12-26 20:50 +0000,2.0
kingston terminal status - one hour wait. no wsp boarding pass.,2018-12-27 00:35 +0000,1.0
no extended wait departing kingston,2018-12-27 03:30 +0000,0.0
kingston terminal status - one hour wait. no wsp boarding pass.,2018-12-27 19:45 +0000,1.0
kingston terminal status - 60 minute wait. no wsp boarding pass.,2018-12-27 21:00 +0000,1.0
kingston terminal status - 60 minute wait. no wsp boarding pass,2018-12-28 01:20 +0000,1.0
no extended wait departing kingston,2018-12-28 04:35 +0000,0.0
kingston terminal status - 60 minute wait. no wsp boarding pass,2018-12-28 21:55 +0000,1.0
kingston terminal status - 60 minute wait. no wsp boarding pass,2018-12-29 20:10 +0000,1.0
no extended wait departing kingston,2018-12-30 00:20 +0000,0.0
kingston terminal - 1 hour wait -  no wsp boarding pass,2018-04-01 17:45 +0000,1.0
update:  kingston terminal - 90 minute wait -  no wsp boarding pass,2018-04-01 20:55 +0000,1.5
update:  kingston terminal - 1 hour wait -  no wsp boarding pass,2018-04-02 01:50 +0000,1.0
update - no extended wait departing kingston,2018-04-02 02:45 +0000,0.0
kingston terminal - 1 hour wait -  no wsp boarding pass,2018-04-02 18:30 +0000,1.0
update - no extended wait departing kingston,2018-04-02 20:50 +0000,0.0
kingston terminal - 1 hour wait -  no wsp boarding pass,2018-04-06 22:20 +0000,1.0
update - no extended wait departing kingston,2018-04-07 02:00 +0000,0.0
kingston terminal - 1 hour wait -  no wsp boarding pass,2018-04-08 19:10 +0000,1.0
update - no extended wait departing kingston,2018-04-09 03:10 +0000,0.0
kingston terminal - 1 hour wait -  no wsp boarding pass,2018-04-15 18:30 +0000,1.0
update - kingston terminal - 1 hour wait -  no wsp boarding pass,2018-04-16 00:00 +0000,1.0
update - no extended wait departing kingston,2018-04-16 03:00 +0000,0.0
update - kingston terminal - 1 hour wait -  no wsp boarding pass,2018-04-21 16:25 +0000,1.0
update - no extended wait departing kingston,2018-04-22 03:05 +0000,0.0
kingston terminal - 1 hour wait -  no wsp boarding pass,2018-04-22 18:25 +0000,1.0
update - no extended wait departing kingston,2018-04-23 03:30 +0000,0.0
kingston terminal - 1 hour wait -  no wsp boarding pass,2018-04-28 16:55 +0000,1.0
update - no extended wait departing kingston,2018-04-29 00:05 +0000,0.0
kingston terminal - 1 hour wait -  no wsp boarding pass,2018-04-29 17:40 +0000,1.0
update - kingston terminal - 1 hour wait -  no wsp boarding pass,2018-04-30 00:10 +0000,1.0
update - no extended wait departing kingston,2018-04-30 02:40 +0000,0.0
"kingston terminal status - 1 hour wait, no wsp boarding pass",2018-11-03 23:05 +0000,1.0
no extended wait departing kingston,2018-11-04 02:10 +0000,0.0
"kingston terminal status - 1 hour wait, no wsp boarding pass",2018-11-04 16:30 +0000,1.0
"kingston terminal status - 2 hour wait, no wsp boarding pass",2018-11-04 17:35 +0000,2.0
no extended wait departing kingston,2018-11-04 20:30 +0000,0.0
"kingston terminal status - 1 hour wait, no wsp boarding pass",2018-11-10 17:35 +0000,1.0
no extended wait departing kingston,2018-11-10 21:55 +0000,0.0
"kingston terminal status - 1 hour wait, no wsp boarding pass",2018-11-11 19:30 +0000,1.0
no extended wait departing kingston,2018-11-12 03:20 +0000,0.0
"kingston terminal status - 1 hour wait, no wsp boarding pass",2018-11-12 20:05 +0000,1.0
no extended wait departing kingston,2018-11-13 03:45 +0000,0.0
"kingston terminal status - 1 hour wait, no wsp boarding pass",2018-11-17 19:45 +0000,1.0
no extended wait departing kingston,2018-11-17 22:35 +0000,0.0
"kingston terminal status - 1 hour wait, no wsp boarding pass",2018-11-18 21:05 +0000,1.0
"kingston terminal status - 1 hour wait, no wsp boarding pass",2018-11-21 21:10 +0000,1.0
no extended wait departing kingston,2018-11-22 02:45 +0000,0.0
no extended wait departing edmonds and kingston,2018-11-22 03:40 +0000,0.0
"kingston terminal status - 1 hour wait, no wsp boarding pass",2018-11-22 17:25 +0000,1.0
update - kingston terminal - 2 hour wait - wsp boarding pass required,2018-11-22 18:35 +0000,2.0
update- no extended wait departing kingston,2018-11-22 22:00 +0000,0.0
"kingston terminal status - 1 hour wait, no wsp boarding pass",2018-11-23 20:15 +0000,1.0
update - kingston terminal - 2 hour wait - wsp boarding pass required,2018-11-23 21:45 +0000,2.0
"update - kingston terminal status - 1 hour wait, no wsp boarding pass",2018-11-23 23:40 +0000,1.0
no extended wait departing edmonds and kingston,2018-11-24 02:35 +0000,0.0
kingston terminal - 2 hour wait - wsp boarding pass required,2018-11-24 20:55 +0000,2.0
update- no extended wait departing kingston,2018-11-25 04:35 +0000,0.0
"kingston terminal status - 1 hour wait, no wsp boarding pass",2018-11-25 20:35 +0000,1.0
update- no extended wait departing kingston,2018-11-26 01:55 +0000,0.0
kingston terminal status - 1 hour wait,2019-11-02 17:55 +0000,1.0
kingston terminal status - 2 hour wait,2019-11-02 22:20 +0000,2.0
update - no extended wait departing kingston,2019-11-03 03:10 +0000,0.0
kingston terminal status - 1 hour wait,2019-11-03 22:25 +0000,1.0
update - no extended wait departing kingston,2019-11-04 03:45 +0000,0.0
kingston terminal status - 1 hour wait,2019-11-09 18:20 +0000,1.0
no extended wait departing edmonds or kingston,2019-11-10 03:20 +0000,0.0
kingston terminal status - 1 hour wait,2019-11-11 23:35 +0000,1.0
"no longer extended wait departing kingston, spokane back on schedule",2019-11-12 03:25 +0000,0.0
kingston terminal status - 1 hour wait,2019-11-17 20:45 +0000,1.0
update - no extended wait departing kingston,2019-11-18 03:45 +0000,0.0
"kingston terminal status - one hour wait, no wsp boarding pass",2019-11-27 21:40 +0000,1.0
"2 hour wait in edmonds, 1 hour wait in kingston, no wsp boarding pass",2019-11-27 22:30 +0000,1.0
"3 hour wait in edmonds, 1 hour wait in kingston, no wsp boarding pass",2019-11-28 00:00 +0000,1.0
"2 hour wait in edmonds, no extended wait for drivers in kingston",2019-11-28 02:05 +0000,0.0
"kingston terminal status - one hour wait, no wsp boarding pass",2019-11-28 17:40 +0000,1.0
kingston terminal status - one hour wait,2019-11-28 18:10 +0000,1.0
no extended wait for drivers departing edmonds and kingston terminals,2019-11-28 22:20 +0000,0.0
"no extended wait departing kingston and edmonds, late vessels",2019-11-29 06:15 +0000,0.0
kingston terminal status - one hour wait,2019-11-29 21:30 +0000,1.0
no extended wait for drivers departing kingston,2019-11-29 23:40 +0000,0.0
"one hour wait in edmonds, no extended wait departing kingston",2019-11-29 23:45 +0000,0.0
"kingston terminal status - one hour wait, no wsp boarding pass",2019-11-30 19:00 +0000,1.0
kingston terminal status - one hour wait,2019-11-30 20:00 +0000,1.0
ed/ki-kingston terminal--one hour wait- no wsp boarding pass,2017-02-12 21:05 +0000,1.0
kingston terminal - one hour wait - no wsp boarding pass,2017-02-12 22:10 +0000,1.0
update - no extended wait for drivers departing kingston,2017-02-13 03:25 +0000,0.0
ed/ki-kingston terminal--one hour wait- no wsp boarding pass,2017-02-18 19:25 +0000,1.0
ed/ki-update: no extended wait departing kingston,2017-02-18 22:00 +0000,0.0
ed/ki-kingston terminal--one hour wait- no wsp boarding pass,2017-02-19 20:45 +0000,1.0
ed/ki- update - kingston terminal--two hour wait- no wsp boarding pass,2017-02-20 01:00 +0000,2.0
ed/ki- update - kingston terminal--one hour wait- no wsp boarding pass,2017-02-20 02:25 +0000,1.0
ed/ki- update - kingston terminal-- no extended wait,2017-02-20 03:45 +0000,0.0
"kingston terminal wait time - one hour, no wsp pass required",2017-02-20 23:00 +0000,1.0
update - no extended wait departing kingston,2017-02-21 02:30 +0000,0.0
"kingston terminal wait time - one hour, no wsp pass required",2017-02-22 21:40 +0000,1.0
update - no extended wait for drivers departing kingston,2017-02-22 23:30 +0000,0.0
"kingston terminal wait time - one hour, no wsp pass required",2017-02-26 20:50 +0000,1.0
no extended wait at the kingston terminal,2017-02-27 02:30 +0000,0.0
"ed/ki- kingston terminal wait time - one hour, no wsp pass required",2017-03-05 23:40 +0000,1.0
edm/ki-update: there is no extended wait departing kingston.,2017-03-06 02:00 +0000,0.0
"ed/ki- kingston terminal wait time - one hour, no wsp pass required",2017-03-12 20:00 +0000,1.0
"ed/ki-update: kingston terminal wait time -two hours, no wsp pass required",2017-03-12 23:30 +0000,2.0
"ed/ki-update: kingston terminal wait time -one hour, no wsp pass required",2017-03-13 01:30 +0000,1.0
ed/ki-update: there is no extended wait departing kingston,2017-03-13 02:10 +0000,0.0
"ed/ki-kingston terminal wait time - one hour, no wsp pass required",2017-03-18 17:40 +0000,1.0
update - no extended wait departing kingston,2017-03-18 20:30 +0000,0.0
"ed/ki-kingston terminal wait time -one hour, no wsp pass required",2017-03-19 19:50 +0000,1.0
"ed/ki-update-kingston terminal wait time -2 hours, no wsp pass required",2017-03-19 23:30 +0000,2.0
"ed/ki-update-kingston terminal wait time -1 hour, no wsp pass required",2017-03-20 02:20 +0000,1.0
ed/ki-no extended wait in kingston.,2017-03-20 03:45 +0000,0.0
"kingston terminal wait time -1 hour, no wsp pass required",2017-03-26 19:15 +0000,1.0
ed/ki-update- kingston terminal wait time: 2 hrs. with wsp boarding passes,2017-03-26 20:15 +0000,2.0
"update: kingston terminal wait time -1 hour, no wsp pass required",2017-03-27 01:40 +0000,1.0
ed/ki-update: no extended wait in kingston.,2017-03-27 03:40 +0000,0.0
